"Symbol","Series","Date","Prev Close","Open Price","High Price","Low Price","Last Price","Close Price","Average Price","Total Traded Quantity","Turnover","No. of Trades","Deliverable Qty","% Dly Qt to Traded Qty"
"GUJALKALI","EQ","04-May-2020","        361.25","        353.00","        359.75","        341.10","        341.10","        342.50","        348.15","     131168","            45666314.10","       4823","      57065","         43.51"
"GUJALKALI","EQ","05-May-2020","        342.50","        345.00","        349.80","        331.25","        334.70","        335.35","        339.59","      88439","            30032742.05","       3095","      35611","         40.27"
"GUJALKALI","EQ","06-May-2020","        335.35","        339.00","        342.10","        326.10","        333.50","        330.05","        333.58","      63280","            21109164.60","       2682","      27279","         43.11"
"GUJALKALI","EQ","07-May-2020","        330.05","        325.80","        334.45","        323.05","        333.70","        330.95","        327.75","      51080","            16741619.40","       1874","      21626","         42.34"
"GUJALKALI","EQ","08-May-2020","        330.95","        333.00","        338.80","        325.00","        326.70","        326.05","        331.97","      40026","            13287565.35","       1880","      19676","         49.16"
"GUJALKALI","EQ","11-May-2020","        326.05","        329.70","        329.85","        315.10","        320.00","        318.95","        321.21","      59861","            19228086.50","       3348","      36597","         61.14"
"GUJALKALI","EQ","12-May-2020","        318.95","        316.20","        323.85","        310.20","        322.00","        320.90","        315.47","      74613","            23538434.35","       2467","      34936","         46.82"
"GUJALKALI","EQ","13-May-2020","        320.90","        330.00","        352.00","        330.00","        346.00","        346.20","        342.91","     331175","           113562171.30","       8631","     101740","         30.72"
"GUJALKALI","EQ","14-May-2020","        346.20","        346.00","        346.00","        334.00","        337.15","        337.30","        337.47","      58430","            19718340.90","       2727","      29722","         50.87"
"GUJALKALI","EQ","15-May-2020","        337.30","        334.25","        336.50","        319.05","        325.00","        324.75","        324.36","     100995","            32758321.70","       5053","      61492","         60.89"
"GUJALKALI","EQ","18-May-2020","        324.75","        325.00","        332.00","        310.20","        314.80","        312.30","        318.19","      89542","            28491216.80","       3938","      60227","         67.26"
"GUJALKALI","EQ","19-May-2020","        312.30","        317.95","        321.95","        313.10","        315.95","        314.45","        317.33","      46520","            14762232.40","       2290","      21846","         46.96"
"GUJALKALI","EQ","20-May-2020","        314.45","        315.80","        324.80","        308.00","        320.00","        318.70","        314.99","      82841","            26094350.25","       2789","      51181","         61.78"
"GUJALKALI","EQ","21-May-2020","        318.70","        317.95","        320.85","        302.15","        315.50","        314.20","        314.48","      45277","            14238721.70","       1840","      24472","         54.05"
"GUJALKALI","EQ","22-May-2020","        314.20","        316.00","        321.95","        311.50","        315.80","        314.65","        315.80","      45930","            14504687.00","       2741","      22222","         48.38"
"GUJALKALI","EQ","26-May-2020","        314.65","        318.00","        319.75","        312.50","        315.85","        315.05","        315.26","      32066","            10108994.65","       1781","      18129","         56.54"
"GUJALKALI","EQ","27-May-2020","        315.05","        318.00","        319.50","        312.55","        316.75","        316.70","        316.34","      36371","            11505682.00","       1687","      16507","         45.39"
"GUJALKALI","EQ","28-May-2020","        316.70","        318.75","        326.95","        317.05","        321.10","        322.00","        322.80","      39795","            12845793.55","       1689","      17468","         43.89"
"GUJALKALI","EQ","29-May-2020","        322.00","        321.70","        327.00","        304.90","        310.00","        308.40","        311.35","     231852","            72187232.25","       7174","     176665","         76.20"
"GUJALKALI","EQ","01-Jun-2020","        308.40","        313.25","        323.00","        313.00","        317.00","        316.15","        318.45","      78081","            24865173.05","       3471","      48924","         62.66"
"GUJALKALI","EQ","02-Jun-2020","        316.15","        318.20","        322.50","        316.85","        320.95","        319.70","        320.00","      48270","            15446237.55","       1896","      26919","         55.77"
"GUJALKALI","EQ","03-Jun-2020","        319.70","        322.05","        335.45","        318.95","        330.50","        329.45","        330.02","     294773","            97279912.60","       8451","     116710","         39.59"
"GUJALKALI","EQ","04-Jun-2020","        329.45","        329.95","        334.00","        320.30","        325.00","        324.20","        326.91","      61762","            20190603.40","       2312","      33478","         54.20"
"GUJALKALI","EQ","05-Jun-2020","        324.20","        326.35","        339.90","        326.20","        331.55","        331.95","        332.63","     148624","            49437057.90","       7756","      75332","         50.69"
"GUJALKALI","EQ","08-Jun-2020","        331.95","        336.90","        345.50","        334.50","        338.85","        340.20","        339.70","     216976","            73707725.90","       7073","      80477","         37.09"
"GUJALKALI","EQ","09-Jun-2020","        340.20","        343.80","        352.00","        338.05","        339.50","        340.00","        345.40","     151122","            52198094.25","       4836","      68725","         45.48"
"GUJALKALI","EQ","10-Jun-2020","        340.00","        342.20","        342.20","        335.55","        341.00","        340.00","        339.78","      47420","            16112354.20","       2017","      24636","         51.95"
"GUJALKALI","EQ","11-Jun-2020","        340.00","        340.00","        342.65","        330.00","        331.15","        331.45","        336.44","      44096","            14835469.85","       1852","      24501","         55.56"
"GUJALKALI","EQ","12-Jun-2020","        331.45","        310.00","        329.00","        310.00","        326.60","        327.25","        322.87","      62407","            20149369.40","       3001","      25389","         40.68"
"GUJALKALI","EQ","15-Jun-2020","        327.25","        328.90","        382.00","        321.10","        379.40","        366.50","        364.35","     544353","           198336639.80","      12403","     145973","         26.82"
"GUJALKALI","EQ","16-Jun-2020","        366.50","        379.40","        381.25","        341.10","        347.40","        350.30","        358.30","     360286","           129091009.00","      13302","     139410","         38.69"
"GUJALKALI","EQ","17-Jun-2020","        350.30","        346.00","        358.00","        343.00","        345.55","        345.80","        347.74","     101374","            35251330.95","       5050","      43504","         42.91"
"GUJALKALI","EQ","18-Jun-2020","        345.80","        346.00","        355.00","        327.60","        333.45","        333.95","        338.54","     413457","           139970281.10","      12085","     126736","         30.65"
"GUJALKALI","EQ","19-Jun-2020","        333.95","        330.50","        337.80","        323.00","        333.50","        332.50","        332.39","     141425","            47008403.15","       5009","      55623","         39.33"
"GUJALKALI","EQ","22-Jun-2020","        332.50","        334.65","        336.45","        329.00","        331.25","        331.15","        332.09","      73816","            24513304.90","       2993","      37114","         50.28"
"GUJALKALI","EQ","23-Jun-2020","        331.15","        334.00","        343.50","        330.00","        334.70","        334.85","        337.05","     152018","            51238329.40","       5335","      33928","         31.47"
"GUJALKALI","EQ","24-Jun-2020","        334.85","        336.90","        338.35","        326.10","        327.85","        328.50","        332.80","      73657","            24513098.25","       3311","      36893","         50.09"
"GUJALKALI","EQ","25-Jun-2020","        328.50","        328.50","        332.60","        327.20","        330.00","        329.35","        330.10","      45396","            14985100.15","       1897","      22585","         49.75"
"GUJALKALI","EQ","26-Jun-2020","        329.35","        327.45","        334.40","        327.00","        329.00","        328.90","        330.88","      51703","            17107724.05","       2260","      24084","         46.58"
"GUJALKALI","EQ","29-Jun-2020","        328.90","        325.30","        328.45","        321.50","        324.40","        324.60","        324.32","      55396","            17965871.00","       2908","      28882","         52.14"
"GUJALKALI","EQ","30-Jun-2020","        324.60","        325.10","        334.20","        321.00","        333.10","        331.35","        328.25","      71391","            23433967.35","       2948","      40024","         56.06"
"GUJALKALI","EQ","01-Jul-2020","        331.35","        332.90","        332.90","        325.00","        325.45","        325.70","        328.14","      31535","            10347777.30","       1793","      18371","         58.26"
"GUJALKALI","EQ","02-Jul-2020","        325.70","        329.00","        331.70","        326.10","        326.65","        328.00","        328.73","      31567","            10376991.05","       1460","      16568","         52.49"
"GUJALKALI","EQ","03-Jul-2020","        328.00","        329.00","        336.00","        328.55","        332.15","        330.90","        331.94","      63860","            21197521.55","       2333","      26155","         40.96"
"GUJALKALI","EQ","06-Jul-2020","        330.90","        335.00","        335.00","        331.10","        333.00","        332.05","        332.71","      41671","            13864402.00","       1636","      24718","         59.32"
"GUJALKALI","EQ","07-Jul-2020","        332.05","        332.00","        349.80","        332.00","        345.00","        344.85","        343.70","     279465","            96050948.90","       7954","     112004","         40.08"
"GUJALKALI","EQ","08-Jul-2020","        344.85","        352.00","        356.00","        342.00","        345.00","        344.60","        350.49","     170206","            59656190.25","       5477","      79901","         46.94"
"GUJALKALI","EQ","09-Jul-2020","        344.60","        346.85","        360.00","        342.50","        355.00","        355.65","        354.18","     211269","            74827133.75","       7076","      74859","         35.43"
"GUJALKALI","EQ","10-Jul-2020","        355.65","        355.00","        357.40","        339.00","        343.00","        342.95","        348.17","      92788","            32305980.20","       2933","      46626","         50.25"
"GUJALKALI","EQ","13-Jul-2020","        342.95","        342.95","        347.25","        337.40","        340.00","        339.40","        341.54","      57521","            19645482.70","       2165","      28737","         49.96"
"GUJALKALI","EQ","14-Jul-2020","        339.40","        337.55","        339.75","        332.00","        333.00","        333.55","        334.33","      37700","            12604407.65","       1962","      19618","         52.04"
"GUJALKALI","EQ","15-Jul-2020","        333.55","        335.30","        340.00","        328.50","        330.00","        331.40","        334.39","      43280","            14472271.35","       2016","      21764","         50.29"
"GUJALKALI","EQ","16-Jul-2020","        331.40","        332.00","        338.40","        326.00","        328.55","        328.20","        330.33","      58890","            19453164.50","       2613","      22570","         38.33"
"GUJALKALI","EQ","17-Jul-2020","        328.20","        331.00","        337.80","        329.70","        332.10","        331.90","        332.99","      32757","            10907685.80","       1844","      14410","         43.99"
"GUJALKALI","EQ","20-Jul-2020","        331.90","        330.50","        337.00","        327.90","        328.50","        328.75","        331.03","      51768","            17136870.95","       2129","      30229","         58.39"
"GUJALKALI","EQ","21-Jul-2020","        328.75","        331.00","        334.90","        328.45","        329.00","        329.15","        331.41","      36299","            12029955.40","       1644","      20059","         55.26"
"GUJALKALI","EQ","22-Jul-2020","        329.15","        329.55","        333.95","        328.10","        331.00","        331.10","        330.99","      35770","            11839542.50","       1732","      18167","         50.79"
"GUJALKALI","EQ","23-Jul-2020","        331.10","        330.10","        336.55","        330.10","        332.10","        332.20","        333.29","      51137","            17043490.50","       3239","      23848","         46.64"
"GUJALKALI","EQ","24-Jul-2020","        332.20","        330.00","        332.10","        326.05","        327.00","        327.00","        327.74","      40083","            13136871.50","       2098","      28751","         71.73"
"GUJALKALI","EQ","27-Jul-2020","        327.00","        327.80","        328.95","        316.05","        318.45","        319.25","        321.75","      40807","            13129687.00","       2326","      25896","         63.46"
"GUJALKALI","EQ","28-Jul-2020","        319.25","        321.35","        324.05","        315.55","        317.80","        318.45","        320.71","      34732","            11138900.50","       2626","      22951","         66.08"
"GUJALKALI","EQ","29-Jul-2020","        318.45","        318.45","        322.00","        317.00","        317.45","        318.25","        319.41","      76801","            24531152.60","       2085","      39917","         51.97"
"GUJALKALI","EQ","30-Jul-2020","        318.25","        320.95","        320.95","        314.00","        315.00","        315.90","        318.10","      32376","            10298645.15","       1352","      21004","         64.88"
"GUJALKALI","EQ","31-Jul-2020","        315.90","        317.95","        318.00","        312.50","        317.00","        313.60","        314.39","      35462","            11148794.50","       1905","      19996","         56.39"
"GUJALKALI","EQ","03-Aug-2020","        313.60","        314.10","        317.50","        312.05","        313.40","        313.05","        314.51","      23622","             7429381.30","       1486","      11152","         47.21"
"GUJALKALI","EQ","04-Aug-2020","        313.05","        313.05","        320.50","        313.05","        313.75","        314.85","        317.53","      97459","            30946031.20","       4577","      43229","         44.36"
"GUJALKALI","EQ","05-Aug-2020","        314.85","        315.50","        337.00","        314.00","        335.55","        334.95","        329.35","     214051","            70498418.45","       5839","      83505","         39.01"
"GUJALKALI","EQ","06-Aug-2020","        334.95","        338.30","        349.00","        333.00","        335.40","        337.15","        342.85","     345843","           118573085.85","       9556","     117734","         34.04"
"GUJALKALI","EQ","07-Aug-2020","        337.15","        339.30","        363.70","        337.20","        343.45","        344.00","        352.44","     955676","           336817281.05","      20625","     167661","         17.54"
"GUJALKALI","EQ","10-Aug-2020","        344.00","        346.90","        349.80","        341.10","        342.20","        342.95","        345.67","      87434","            30223616.60","       2880","      50839","         58.15"
"GUJALKALI","EQ","11-Aug-2020","        342.95","        346.25","        348.70","        335.00","        335.30","        336.25","        340.60","      80421","            27391456.70","       3976","      46265","         57.53"
"GUJALKALI","EQ","12-Aug-2020","        336.25","        325.00","        329.90","        322.05","        323.95","        323.75","        325.15","     135554","            44075605.60","       4771","      77233","         56.98"
"GUJALKALI","EQ","13-Aug-2020","        323.75","        326.00","        329.00","        323.05","        324.00","        323.85","        325.23","      78677","            25587936.40","       3592","      48172","         61.23"
"GUJALKALI","EQ","14-Aug-2020","        323.85","        326.00","        328.00","        318.00","        320.00","        319.75","        323.62","      67320","            21785868.20","       2389","      39518","         58.70"
"GUJALKALI","EQ","17-Aug-2020","        319.75","        321.85","        328.75","        318.00","        321.00","        320.90","        321.78","      92337","            29711771.45","       3310","      41033","         44.44"
"GUJALKALI","EQ","18-Aug-2020","        320.90","        332.00","        353.40","        330.00","        342.25","        341.55","        345.97","    1230457","           425695890.80","      24523","     199214","         16.19"
"GUJALKALI","EQ","19-Aug-2020","        341.55","        345.00","        347.50","        331.25","        332.40","        332.20","        337.13","     203491","            68603503.70","       5389","     112983","         55.52"
"GUJALKALI","EQ","20-Aug-2020","        332.20","        333.40","        336.35","        323.00","        324.50","        325.25","        328.97","     133747","            43998776.60","       3688","      87594","         65.49"
"GUJALKALI","EQ","21-Aug-2020","        325.25","        329.10","        337.90","        328.00","        335.80","        334.45","        331.76","     391569","           129905605.30","       7617","     156646","         40.00"
"GUJALKALI","EQ","24-Aug-2020","        334.45","        340.00","        354.70","        337.00","        347.80","        347.75","        347.99","     759021","           264129259.05","      16415","     245402","         32.33"
"GUJALKALI","EQ","25-Aug-2020","        347.75","        350.00","        353.70","        335.10","        337.55","        337.55","        341.56","     274922","            93901395.45","       6455","     168551","         61.31"
"GUJALKALI","EQ","26-Aug-2020","        337.55","        340.35","        347.40","        336.50","        338.00","        338.20","        341.21","     178702","            60974039.40","       4792","      88518","         49.53"
"GUJALKALI","EQ","27-Aug-2020","        338.20","        341.00","        377.00","        341.00","        372.95","        369.90","        362.54","    1881491","           682124992.90","      32494","     479537","         25.49"
"GUJALKALI","EQ","28-Aug-2020","        369.90","        375.90","        387.25","        365.10","        375.95","        378.10","        379.59","    1848363","           701627868.35","      32103","     576644","         31.20"
"GUJALKALI","EQ","31-Aug-2020","        378.10","        381.85","        382.60","        334.05","        340.80","        342.90","        352.37","     605654","           213414680.45","      15432","     328068","         54.17"
"GUJALKALI","EQ","01-Sep-2020","        342.90","        345.05","        353.05","        337.55","        350.00","        348.25","        345.14","     131595","            45419121.20","       5407","      45305","         34.43"
"GUJALKALI","EQ","02-Sep-2020","        348.25","        348.25","        360.65","        347.80","        357.50","        356.85","        355.85","     281258","           100085486.10","       8812","      56211","         19.99"
"GUJALKALI","EQ","03-Sep-2020","        356.85","        359.00","        364.45","        351.00","        353.00","        353.30","        357.27","     166254","            59397296.30","       5305","      64411","         38.74"
"GUJALKALI","EQ","04-Sep-2020","        353.30","        340.50","        358.90","        340.05","        348.50","        347.05","        350.81","     227674","            79869332.40","       7609","      59233","         26.02"
"GUJALKALI","EQ","07-Sep-2020","        347.05","        347.00","        354.00","        344.00","        344.20","        345.25","        347.60","      82627","            28721269.20","       3196","      32452","         39.28"
"GUJALKALI","EQ","08-Sep-2020","        345.25","        342.25","        353.00","        336.35","        339.00","        338.70","        344.44","      96873","            33366953.70","       3158","      44268","         45.70"
"GUJALKALI","EQ","09-Sep-2020","        338.70","        339.80","        339.80","        331.00","        334.95","        335.05","        334.66","      88402","            29584590.80","       3491","      27730","         31.37"
"GUJALKALI","EQ","10-Sep-2020","        335.05","        336.00","        344.80","        336.00","        341.70","        340.50","        341.23","      66540","            22705460.95","       2536","      22858","         34.35"
"GUJALKALI","EQ","11-Sep-2020","        340.50","        341.65","        342.50","        334.90","        336.85","        337.00","        338.10","      91509","            30939610.45","       2509","      56510","         61.75"
"GUJALKALI","EQ","14-Sep-2020","        337.00","        342.45","        350.00","        342.25","        348.00","        346.20","        346.85","     128661","            44625989.55","       4128","      58959","         45.83"
"GUJALKALI","EQ","15-Sep-2020","        346.20","        348.45","        352.00","        342.00","        345.00","        346.60","        347.89","      83573","            29074140.30","       2705","      36919","         44.18"
"GUJALKALI","EQ","16-Sep-2020","        346.60","        348.50","        359.50","        346.00","        351.50","        352.25","        351.77","     190407","            66978871.70","       4708","      89597","         47.06"
"GUJALKALI","EQ","17-Sep-2020","        352.25","        345.60","        347.40","        338.75","        339.75","        339.55","        342.56","     133603","            45766880.85","       5302","      75005","         56.14"
"GUJALKALI","EQ","18-Sep-2020","        339.55","        341.25","        353.05","        338.50","        350.00","        350.30","        347.34","     165649","            57536101.30","       4126","      96617","         58.33"
"GUJALKALI","EQ","21-Sep-2020","        350.30","        351.40","        355.00","        335.60","        338.00","        337.50","        346.12","     172732","            59785460.15","       5115","      68398","         39.60"
"GUJALKALI","EQ","22-Sep-2020","        337.50","        339.65","        339.65","        322.75","        332.00","        332.40","        331.55","      76113","            25235296.50","       4003","      32870","         43.19"
"GUJALKALI","EQ","23-Sep-2020","        332.40","        334.10","        337.95","        326.25","        333.00","        334.55","        332.78","      96055","            31964989.85","       4765","      39616","         41.24"
"GUJALKALI","EQ","24-Sep-2020","        334.55","        330.00","        331.00","        323.00","        325.00","        324.05","        325.84","      49071","            15989247.40","       2270","      22313","         45.47"
"GUJALKALI","EQ","25-Sep-2020","        324.05","        328.70","        331.05","        322.85","        326.90","        327.85","        327.91","      64966","            21302709.40","       4159","      34175","         52.60"
"GUJALKALI","EQ","28-Sep-2020","        327.85","        329.50","        334.45","        328.00","        333.10","        330.85","        331.47","      53509","            17736789.25","       3345","      29702","         55.51"
"GUJALKALI","EQ","29-Sep-2020","        330.85","        333.00","        345.00","        330.25","        337.40","        339.00","        338.54","     120636","            40839882.55","       4389","      31167","         25.84"
"GUJALKALI","EQ","30-Sep-2020","        339.00","        337.10","        338.90","        330.00","        330.60","        330.80","        333.36","      45992","            15331788.20","       1641","      23337","         50.74"
"GUJALKALI","EQ","01-Oct-2020","        330.80","        333.00","        344.00","        331.45","        333.10","        333.65","        337.30","     119030","            40148929.05","       3629","      27719","         23.29"
"GUJALKALI","EQ","05-Oct-2020","        333.65","        334.95","        336.95","        331.35","        332.90","        332.80","        333.52","      43898","            14640892.85","       1544","      24058","         54.80"
"GUJALKALI","EQ","06-Oct-2020","        332.80","        334.60","        341.80","        329.75","        334.50","        334.05","        336.17","      83144","            27950437.65","       2785","      27295","         32.83"
"GUJALKALI","EQ","07-Oct-2020","        334.05","        335.40","        335.65","        326.15","        327.35","        327.80","        330.31","      71178","            23511098.40","       1917","      38479","         54.06"
"GUJALKALI","EQ","08-Oct-2020","        327.80","        331.65","        333.95","        328.00","        328.15","        328.90","        330.29","      69558","            22974552.45","       2059","      32083","         46.12"
"GUJALKALI","EQ","09-Oct-2020","        328.90","        330.70","        332.45","        323.05","        323.15","        325.80","        327.65","      76229","            24976411.75","       3049","      42319","         55.52"
"GUJALKALI","EQ","12-Oct-2020","        325.80","        327.90","        328.90","        318.65","        322.60","        322.95","        323.67","      35269","            11415641.60","       1595","      16211","         45.96"
"GUJALKALI","EQ","13-Oct-2020","        322.95","        324.00","        324.00","        316.75","        318.00","        317.65","        319.18","      50357","            16073130.65","       2122","      22335","         44.35"
"GUJALKALI","EQ","14-Oct-2020","        317.65","        315.15","        319.05","        313.00","        313.95","        313.90","        314.67","      66238","            20843329.95","       1808","      39982","         60.36"
"GUJALKALI","EQ","15-Oct-2020","        313.90","        313.35","        319.70","        313.10","        314.00","        314.20","        316.28","      47694","            15084635.25","       1967","      20226","         42.41"
"GUJALKALI","EQ","16-Oct-2020","        314.20","        315.00","        319.70","        311.05","        313.00","        314.10","        314.71","      56010","            17627061.40","       2416","      24943","         44.53"
"GUJALKALI","EQ","19-Oct-2020","        314.10","        316.05","        323.75","        312.90","        313.25","        314.35","        314.77","      38041","            11974091.30","       2675","      21473","         56.45"
"GUJALKALI","EQ","20-Oct-2020","        314.35","        315.90","        316.80","        312.50","        314.10","        314.55","        314.59","      48082","            15126180.55","       1657","      19362","         40.27"
"GUJALKALI","EQ","21-Oct-2020","        314.55","        315.25","        316.15","        310.00","        311.85","        310.60","        312.74","      49722","            15549907.15","       1874","      31715","         63.78"
"GUJALKALI","EQ","22-Oct-2020","        310.60","        312.10","        314.50","        310.45","        313.65","        313.05","        312.51","      48035","            15011352.45","       2441","      26327","         54.81"
"GUJALKALI","EQ","23-Oct-2020","        313.05","        315.00","        323.00","        313.35","        318.95","        319.65","        320.10","      96320","            30832491.40","       3219","      39559","         41.07"
"GUJALKALI","EQ","26-Oct-2020","        319.65","        320.00","        321.30","        314.10","        317.00","        316.15","        317.15","      26709","             8470835.00","       1708","      13563","         50.78"
"GUJALKALI","EQ","27-Oct-2020","        316.15","        317.10","        321.90","        313.00","        316.00","        316.15","        316.83","      35891","            11371403.50","       1825","      12574","         35.03"
"GUJALKALI","EQ","28-Oct-2020","        316.15","        316.20","        321.00","        313.05","        314.00","        315.25","        317.11","      38130","            12091422.05","       1688","      15907","         41.72"
"GUJALKALI","EQ","29-Oct-2020","        315.25","        314.00","        319.00","        310.30","        312.30","        312.90","        314.25","      49919","            15687239.75","       2645","      20456","         40.98"
"GUJALKALI","EQ","30-Oct-2020","        312.90","        313.30","        328.95","        312.05","        320.35","        324.10","        321.18","     151321","            48600654.50","       5016","      40151","         26.53"
"GUJALKALI","EQ","02-Nov-2020","        324.10","        325.00","        325.00","        315.25","        315.25","        316.15","        317.84","      29174","             9272585.40","       1392","      15918","         54.56"
"GUJALKALI","EQ","03-Nov-2020","        316.15","        317.75","        320.35","        313.55","        315.00","        315.15","        316.90","      30060","             9525985.05","       1246","      18924","         62.95"
"GUJALKALI","EQ","04-Nov-2020","        315.15","        315.00","        317.80","        313.80","        315.00","        315.80","        315.66","      27033","             8533339.80","       1150","      14487","         53.59"
"GUJALKALI","EQ","05-Nov-2020","        315.80","        316.55","        320.25","        315.90","        316.65","        316.50","        317.56","      33916","            10770300.95","       1129","      21660","         63.86"
"GUJALKALI","EQ","06-Nov-2020","        316.50","        316.50","        321.00","        315.10","        317.50","        317.40","        318.01","      45370","            14428014.75","       1500","      25477","         56.15"
"GUJALKALI","EQ","09-Nov-2020","        317.40","        319.00","        320.90","        317.00","        317.65","        317.90","        319.04","      52958","            16895724.50","       1468","      36594","         69.10"
"GUJALKALI","EQ","10-Nov-2020","        317.90","        317.90","        327.30","        317.90","        319.70","        319.80","        320.60","     100098","            32091108.60","       2934","      68557","         68.49"
"GUJALKALI","EQ","11-Nov-2020","        319.80","        318.70","        320.55","        308.40","        310.00","        311.15","        313.17","     133582","            41833543.20","       3854","      91598","         68.57"
"GUJALKALI","EQ","12-Nov-2020","        311.15","        312.75","        316.55","        310.75","        311.00","        311.20","        312.92","      56406","            17650566.60","       2260","      31202","         55.32"
"GUJALKALI","EQ","13-Nov-2020","        311.20","        311.25","        314.45","        311.00","        311.15","        311.75","        312.65","      58938","            18426675.10","       4295","      38568","         65.44"
"GUJALKALI","EQ","14-Nov-2020","        311.75","        314.00","        315.00","        311.75","        314.75","        314.20","        313.97","      13575","             4262187.10","        686","       8197","         60.38"
"GUJALKALI","EQ","17-Nov-2020","        314.20","        316.25","        318.00","        313.10","        316.50","        316.70","        316.40","      47366","            14986542.20","       1702","      22763","         48.06"
"GUJALKALI","EQ","18-Nov-2020","        316.70","        319.70","        324.90","        317.55","        322.00","        322.50","        322.51","     129720","            41836613.35","       3667","      61570","         47.46"
"GUJALKALI","EQ","19-Nov-2020","        322.50","        322.50","        329.35","        318.00","        324.50","        323.30","        325.63","     142697","            46467117.60","       3499","      67742","         47.47"
"GUJALKALI","EQ","20-Nov-2020","        323.30","        325.00","        327.00","        318.55","        320.00","        320.35","        321.40","      73026","            23470582.70","       2139","      39229","         53.72"
"GUJALKALI","EQ","23-Nov-2020","        320.35","        322.00","        322.00","        312.95","        315.00","        314.25","        315.86","     176986","            55902856.50","       5254","     104359","         58.96"
"GUJALKALI","EQ","24-Nov-2020","        314.25","        317.95","        324.00","        315.10","        320.95","        321.20","        320.03","     198639","            63570768.85","       6444","     103179","         51.94"
"GUJALKALI","EQ","25-Nov-2020","        321.20","        325.00","        326.05","        317.35","        317.95","        318.00","        321.08","     108233","            34751265.45","       3904","      53608","         49.53"
"GUJALKALI","EQ","26-Nov-2020","        318.00","        318.20","        325.00","        316.00","        322.10","        323.90","        321.62","      88388","            28427032.50","       2023","      43750","         49.50"
"GUJALKALI","EQ","27-Nov-2020","        323.90","        320.00","        326.00","        320.00","        321.10","        322.55","        323.47","     115975","            37514148.45","       3678","      63377","         54.65"
"GUJALKALI","EQ","01-Dec-2020","        322.55","        323.00","        334.50","        323.00","        330.50","        330.35","        330.47","     234154","            77381284.80","       4615","     126068","         53.84"
"GUJALKALI","EQ","02-Dec-2020","        330.35","        332.00","        343.50","        331.35","        338.40","        337.95","        338.89","     440428","           149256223.50","       9075","     166227","         37.74"
"GUJALKALI","EQ","03-Dec-2020","        337.95","        339.75","        347.25","        339.75","        344.10","        343.75","        343.92","     181483","            62416406.70","       4554","     107996","         59.51"
"GUJALKALI","EQ","04-Dec-2020","        343.75","        346.00","        346.95","        336.10","        338.90","        338.00","        340.69","     133886","            45613923.90","       3387","      82914","         61.93"
"GUJALKALI","EQ","07-Dec-2020","        338.00","        338.60","        350.00","        338.00","        345.45","        347.20","        344.53","     189634","            65334814.95","       4093","     106838","         56.34"
"GUJALKALI","EQ","08-Dec-2020","        347.20","        348.80","        349.70","        330.90","        339.85","        338.50","        341.36","     127691","            43589066.35","       3682","      61107","         47.86"
"GUJALKALI","EQ","09-Dec-2020","        338.50","        341.40","        346.90","        340.00","        341.80","        341.25","        342.67","     101131","            34654621.55","       2390","      57277","         56.64"
"GUJALKALI","EQ","10-Dec-2020","        341.25","        341.80","        356.85","        336.00","        352.00","        351.60","        350.98","     360946","           126685138.05","       7825","     138108","         38.26"
"GUJALKALI","EQ","11-Dec-2020","        351.60","        353.95","        363.10","        347.60","        352.25","        351.65","        356.31","     284703","           101441331.75","       7349","     137575","         48.32"
"GUJALKALI","EQ","14-Dec-2020","        351.65","        353.45","        358.50","        349.70","        351.00","        351.65","        353.76","     182042","            64398449.70","       6486","      41259","         22.66"
"GUJALKALI","EQ","15-Dec-2020","        351.65","        352.10","        354.00","        346.90","        350.00","        350.80","        351.07","      91398","            32087217.40","       3277","      36747","         40.21"
"GUJALKALI","EQ","16-Dec-2020","        350.80","        349.10","        357.80","        349.10","        352.00","        353.05","        354.65","     105069","            37262960.00","       2521","      56409","         53.69"
"GUJALKALI","EQ","17-Dec-2020","        353.05","        354.55","        357.65","        344.65","        346.00","        346.65","        351.98","      93977","            33078317.95","       3276","      52928","         56.32"
"GUJALKALI","EQ","18-Dec-2020","        346.65","        351.00","        374.80","        341.65","        370.00","        368.45","        364.04","    1519481","           553157123.40","      29788","     391203","         25.75"
"GUJALKALI","EQ","21-Dec-2020","        368.45","        370.00","        379.00","        339.00","        347.00","        348.35","        367.16","     690549","           253541112.45","      16386","     244056","         35.34"
"GUJALKALI","EQ","22-Dec-2020","        348.35","        350.00","        358.05","        335.25","        351.00","        351.75","        348.90","     237187","            82753918.65","       5979","      90661","         38.22"
"GUJALKALI","EQ","23-Dec-2020","        351.75","        353.25","        363.90","        351.05","        353.35","        354.50","        357.27","     157853","            56395626.75","       4014","      67747","         42.92"
"GUJALKALI","EQ","24-Dec-2020","        354.50","        356.25","        363.00","        348.35","        352.00","        353.10","        357.13","     130465","            46592539.85","       3877","      49587","         38.01"
"GUJALKALI","EQ","28-Dec-2020","        353.10","        355.90","        363.00","        353.10","        356.00","        356.90","        358.24","     143145","            51279766.45","       3470","      59644","         41.67"
"GUJALKALI","EQ","29-Dec-2020","        356.90","        358.10","        360.75","        351.95","        354.00","        354.35","        356.47","     111917","            39894575.20","       4100","      36696","         32.79"
"GUJALKALI","EQ","30-Dec-2020","        354.35","        356.35","        363.00","        353.35","        359.00","        358.50","        358.95","     133223","            47820987.85","       4109","      45007","         33.78"
"GUJALKALI","EQ","31-Dec-2020","        358.50","        359.00","        362.95","        352.05","        354.60","        354.20","        358.20","     100642","            36050243.60","       3356","      41326","         41.06"
"GUJALKALI","EQ","01-Jan-2021","        354.20","        353.00","        358.40","        347.65","        350.25","        349.80","        351.21","     166262","            58392855.05","       4112","      97204","         58.46"
"GUJALKALI","EQ","04-Jan-2021","        349.80","        352.60","        356.00","        347.05","        348.80","        348.95","        350.87","     173815","            60986067.65","       3712","     101295","         58.28"
"GUJALKALI","EQ","05-Jan-2021","        348.95","        347.50","        354.00","        345.95","        346.95","        346.40","        348.53","     174769","            60911450.35","       4300","      93928","         53.74"
"GUJALKALI","EQ","06-Jan-2021","        346.40","        347.25","        351.30","        343.00","        344.70","        344.45","        346.62","     162362","            56278629.70","       3042","      89239","         54.96"
"GUJALKALI","EQ","07-Jan-2021","        344.45","        346.30","        350.00","        343.95","        346.00","        345.60","        347.26","      96301","            33441698.05","       2170","      54671","         56.77"
"GUJALKALI","EQ","08-Jan-2021","        345.60","        346.50","        352.85","        346.50","        348.50","        348.20","        349.85","     102980","            36027487.40","       2882","      51034","         49.56"
"GUJALKALI","EQ","11-Jan-2021","        348.20","        350.00","        351.60","        343.10","        343.30","        343.50","        345.79","      91916","            31784043.70","       2471","      56318","         61.27"
"GUJALKALI","EQ","12-Jan-2021","        343.50","        345.00","        347.40","        343.20","        346.50","        344.65","        345.61","      98866","            34169355.45","       2236","      58534","         59.21"
"GUJALKALI","EQ","13-Jan-2021","        344.65","        345.50","        355.35","        343.00","        345.50","        345.40","        348.72","     175543","            61215970.45","       4554","      69663","         39.68"
"GUJALKALI","EQ","14-Jan-2021","        345.40","        348.10","        350.45","        344.10","        345.50","        345.30","        346.94","      54967","            19069986.50","       1854","      23463","         42.69"
"GUJALKALI","EQ","15-Jan-2021","        345.30","        346.20","        355.75","        343.75","        346.15","        347.00","        349.86","     716615","           250712338.05","      12751","     221239","         30.87"
"GUJALKALI","EQ","18-Jan-2021","        347.00","        347.00","        350.60","        335.75","        337.25","        337.65","        342.02","     144014","            49256079.45","       3741","      72075","         50.05"
"GUJALKALI","EQ","19-Jan-2021","        337.65","        339.60","        343.35","        337.60","        340.45","        339.60","        340.10","      69656","            23690127.60","       1905","      36117","         51.85"
"GUJALKALI","EQ","20-Jan-2021","        339.60","        339.95","        343.80","        338.85","        339.90","        339.45","        341.11","     113093","            38577564.45","       2398","      61276","         54.18"
"GUJALKALI","EQ","21-Jan-2021","        339.45","        341.10","        342.70","        337.25","        338.15","        338.30","        340.79","      72522","            24715106.15","       3441","      38417","         52.97"
"GUJALKALI","EQ","22-Jan-2021","        338.30","        338.05","        339.00","        331.90","        332.50","        332.85","        334.81","      85501","            28626787.05","       2695","      37409","         43.75"
"GUJALKALI","EQ","25-Jan-2021","        332.85","        329.30","        335.90","        325.70","        326.20","        326.75","        329.93","     100254","            33077174.95","       2580","      48714","         48.59"
"GUJALKALI","EQ","27-Jan-2021","        326.75","        326.70","        329.00","        320.50","        321.95","        321.65","        324.40","      88818","            28812257.45","       2799","      40341","         45.42"
"GUJALKALI","EQ","28-Jan-2021","        321.65","        320.95","        321.95","        317.00","        317.95","        317.80","        318.71","     103097","            32858170.90","       4551","      66785","         64.78"
"GUJALKALI","EQ","29-Jan-2021","        317.80","        319.75","        331.60","        319.70","        324.50","        323.70","        325.60","     143890","            46850373.25","       4097","      41747","         29.01"
"GUJALKALI","EQ","01-Feb-2021","        323.70","        327.65","        331.50","        326.00","        329.90","        328.40","        328.80","      92740","            30492941.45","       3082","      31875","         34.37"
"GUJALKALI","EQ","02-Feb-2021","        328.40","        332.00","        337.00","        331.10","        336.00","        335.40","        334.53","      76885","            25720073.50","       2082","      36755","         47.81"
"GUJALKALI","EQ","03-Feb-2021","        335.40","        337.00","        339.75","        335.25","        336.05","        337.30","        338.00","      64726","            21877068.60","       1909","      26011","         40.19"
"GUJALKALI","EQ","04-Feb-2021","        337.30","        337.95","        341.75","        333.95","        335.95","        335.75","        337.58","      79610","            26874745.95","       2885","      39266","         49.32"
"GUJALKALI","EQ","05-Feb-2021","        335.75","        337.45","        340.50","        332.00","        333.00","        333.35","        336.54","      62760","            21121326.80","       1870","      28669","         45.68"
"GUJALKALI","EQ","08-Feb-2021","        333.35","        335.05","        339.70","        333.40","        335.00","        334.80","        335.64","     137057","            46001934.85","       3238","      84741","         61.83"
"GUJALKALI","EQ","09-Feb-2021","        334.80","        336.00","        344.00","        333.50","        335.80","        334.85","        338.82","     142937","            48430052.15","       3145","      72030","         50.39"
"GUJALKALI","EQ","10-Feb-2021","        334.85","        323.00","        323.00","        313.50","        314.45","        314.20","        315.62","     550691","           173809078.05","      11815","     308281","         55.98"
"GUJALKALI","EQ","11-Feb-2021","        314.20","        317.85","        320.35","        314.15","        316.20","        316.35","        317.29","     174376","            55328286.40","       3439","      88096","         50.52"
"GUJALKALI","EQ","12-Feb-2021","        316.35","        317.75","        318.80","        310.35","        310.85","        311.10","        313.38","     135784","            42551534.45","       4424","      94262","         69.42"
"GUJALKALI","EQ","15-Feb-2021","        311.10","        314.95","        315.85","        310.00","        311.05","        311.15","        312.12","     104273","            32545263.15","       2644","      63995","         61.37"
"GUJALKALI","EQ","16-Feb-2021","        311.15","        312.80","        319.90","        309.30","        310.00","        309.90","        312.50","     206616","            64567197.75","       3641","     107480","         52.02"
"GUJALKALI","EQ","17-Feb-2021","        309.90","        310.00","        313.00","        307.40","        309.70","        309.80","        309.60","     107161","            33177295.80","       2825","      57140","         53.32"
"GUJALKALI","EQ","18-Feb-2021","        309.80","        311.35","        314.85","        310.00","        310.55","        311.60","        312.44","     109260","            34137448.35","       3045","      60116","         55.02"
"GUJALKALI","EQ","19-Feb-2021","        311.60","        313.00","        316.05","        309.10","        310.90","        311.50","        312.10","      97748","            30507354.45","       2235","      42644","         43.63"
"GUJALKALI","EQ","22-Feb-2021","        311.50","        313.85","        313.85","        304.65","        306.00","        305.40","        308.15","      74701","            23018932.35","       2691","      45765","         61.26"
"GUJALKALI","EQ","23-Feb-2021","        305.40","        307.00","        319.70","        304.70","        315.10","        315.00","        314.05","     266053","            83552743.05","       5124","     112785","         42.39"
"GUJALKALI","EQ","24-Feb-2021","        315.00","        318.80","        319.65","        313.25","        314.00","        315.45","        315.81","      54403","            17180764.80","       1663","      29617","         54.44"
"GUJALKALI","EQ","25-Feb-2021","        315.45","        316.90","        324.00","        316.55","        322.00","        322.10","        321.24","     268567","            86274124.80","       6479","     117828","         43.87"
"GUJALKALI","EQ","26-Feb-2021","        322.10","        316.00","        321.75","        311.15","        312.30","        313.20","        315.05","     155623","            49028376.65","       5957","      79751","         51.25"
"GUJALKALI","EQ","01-Mar-2021","        313.20","        315.00","        346.95","        314.05","        345.40","        341.80","        334.25","     632634","           211456433.65","      12953","     272190","         43.02"
"GUJALKALI","EQ","02-Mar-2021","        341.80","        346.50","        359.00","        344.25","        355.35","        354.75","        352.77","     717220","           253012267.10","      16060","     301719","         42.07"
"GUJALKALI","EQ","03-Mar-2021","        354.75","        358.00","        369.40","        356.00","        357.00","        358.45","        363.77","     640121","           232857355.20","      12946","     249278","         38.94"
"GUJALKALI","EQ","04-Mar-2021","        358.45","        354.90","        374.90","        348.00","        374.55","        370.95","        367.83","     666091","           245007045.95","      12387","     360404","         54.11"
"GUJALKALI","EQ","05-Mar-2021","        370.95","        373.00","        375.60","        353.15","        357.40","        355.55","        363.51","     380355","           138262565.35","       8947","     167606","         44.07"
"GUJALKALI","EQ","08-Mar-2021","        355.55","        358.50","        367.00","        357.05","        357.10","        358.25","        360.84","     123190","            44452449.70","       3020","      61870","         50.22"
"GUJALKALI","EQ","09-Mar-2021","        358.25","        359.85","        362.05","        343.50","        344.75","        344.25","        350.07","     142163","            49766429.70","       3386","      75221","         52.91"
"GUJALKALI","EQ","10-Mar-2021","        344.25","        347.00","        358.80","        346.95","        350.95","        352.50","        354.57","     212713","            75420914.70","       3980","      94251","         44.31"
"GUJALKALI","EQ","12-Mar-2021","        352.50","        354.00","        357.95","        344.20","        348.00","        347.25","        350.25","     161383","            56524489.85","       4071","      90572","         56.12"
"GUJALKALI","EQ","15-Mar-2021","        347.25","        348.80","        352.95","        336.20","        349.00","        349.00","        346.34","     153872","            53291524.80","       4343","      64031","         41.61"
"GUJALKALI","EQ","16-Mar-2021","        349.00","        349.90","        366.00","        347.50","        356.20","        356.05","        358.50","     272654","            97746306.25","       7362","      80566","         29.55"
"GUJALKALI","EQ","17-Mar-2021","        356.05","        358.25","        364.50","        328.45","        338.00","        338.20","        351.74","     245453","            86336832.95","       6180","      96143","         39.17"
"GUJALKALI","EQ","18-Mar-2021","        338.20","        341.95","        348.35","        336.25","        341.00","        341.90","        341.46","     159968","            54623010.50","       4631","      76603","         47.89"
"GUJALKALI","EQ","19-Mar-2021","        341.90","        340.95","        351.00","        329.90","        348.00","        348.15","        339.37","     159272","            54052662.00","       4238","      59893","         37.60"
"GUJALKALI","EQ","22-Mar-2021","        348.15","        347.05","        361.00","        347.05","        350.75","        349.95","        353.41","     142457","            50345121.35","       4103","      52762","         37.04"
"GUJALKALI","EQ","23-Mar-2021","        349.95","        350.00","        355.70","        346.75","        348.05","        348.05","        349.89","      79965","            27978782.05","       1817","      49718","         62.17"
"GUJALKALI","EQ","24-Mar-2021","        348.05","        347.00","        354.00","        337.55","        338.95","        339.75","        345.55","      85994","            29715009.90","       2616","      40489","         47.08"
"GUJALKALI","EQ","25-Mar-2021","        339.75","        338.80","        340.95","        334.35","        335.10","        335.50","        337.78","      91774","            30999653.75","       2260","      48138","         52.45"
"GUJALKALI","EQ","26-Mar-2021","        335.50","        337.00","        340.95","        334.30","        335.35","        335.80","        337.62","      58670","            19808441.20","       1623","      32074","         54.67"
"GUJALKALI","EQ","30-Mar-2021","        335.80","        337.95","        342.00","        335.00","        342.00","        338.65","        337.90","      86776","            29321448.35","       1851","      56425","         65.02"
"GUJALKALI","EQ","31-Mar-2021","        338.65","        340.00","        349.20","        338.20","        347.00","        344.80","        343.29","      76587","            26291652.10","       2005","      48264","         63.02"
"GUJALKALI","EQ","01-Apr-2021","        344.80","        346.60","        358.00","        344.45","        353.00","        353.25","        352.70","     107076","            37766074.65","       2783","      50309","         46.98"
"GUJALKALI","EQ","05-Apr-2021","        353.25","        353.25","        353.90","        338.60","        342.50","        341.45","        344.73","      77491","            26713170.90","       2458","      36977","         47.72"
"GUJALKALI","EQ","06-Apr-2021","        341.45","        343.20","        344.90","        339.10","        340.50","        342.00","        341.95","      52060","            17801858.50","       1399","      29543","         56.75"
"GUJALKALI","EQ","07-Apr-2021","        342.00","        342.00","        354.30","        342.00","        345.00","        345.05","        348.47","      85387","            29754525.15","       2469","      37725","         44.18"
"GUJALKALI","EQ","08-Apr-2021","        345.05","        346.90","        352.70","        344.55","        349.80","        346.45","        348.56","      66880","            23311499.10","       1835","      33054","         49.42"
"GUJALKALI","EQ","09-Apr-2021","        346.45","        355.00","        415.70","        353.00","        415.70","        412.90","        393.95","    6730311","          2651431479.35","      89588","    1110724","         16.50"
"GUJALKALI","EQ","12-Apr-2021","        412.90","        414.00","        437.35","        388.00","        398.00","        401.95","        418.93","    6556146","          2746556947.25","     107069","     839185","         12.80"
"GUJALKALI","EQ","13-Apr-2021","        401.95","        405.00","        469.40","        404.90","        440.90","        443.30","        446.08","    5022729","          2240521209.70","     156390","     558007","         11.11"
"GUJALKALI","EQ","15-Apr-2021","        443.30","        438.50","        438.50","        416.75","        419.00","        420.25","        423.88","     966544","           409701639.80","      27889","     262348","         27.14"
"GUJALKALI","EQ","16-Apr-2021","        420.25","        425.35","        432.60","        409.10","        410.00","        410.95","        419.57","     584649","           245301850.80","      15781","     167855","         28.71"
"GUJALKALI","EQ","19-Apr-2021","        410.95","        398.00","        432.00","        384.35","        415.90","        416.35","        414.32","    1192154","           493938673.05","      31614","     247028","         20.72"
"GUJALKALI","EQ","20-Apr-2021","        416.35","        425.90","        429.00","        412.05","        413.00","        414.50","        421.54","     594297","           250520024.70","      15249","     119087","         20.04"
"GUJALKALI","EQ","22-Apr-2021","        414.50","        413.00","        422.70","        402.70","        406.25","        405.60","        411.50","     355109","           146127512.05","       9928","     127807","         35.99"
"GUJALKALI","EQ","23-Apr-2021","        405.60","        406.00","        427.00","        405.95","        410.95","        410.00","        416.52","     741275","           308752827.10","      16430","     144107","         19.44"
"GUJALKALI","EQ","26-Apr-2021","        410.00","        415.85","        429.85","        413.20","        424.00","        422.25","        422.55","     807053","           341023215.65","      16427","     192180","         23.81"
"GUJALKALI","EQ","27-Apr-2021","        422.25","        425.00","        437.40","        423.50","        427.25","        428.70","        431.30","     936433","           403882067.20","      18090","     216887","         23.16"
"GUJALKALI","EQ","28-Apr-2021","        428.70","        430.15","        436.50","        420.30","        421.50","        422.55","        429.82","     482710","           207478073.05","       9390","     138068","         28.60"
"GUJALKALI","EQ","29-Apr-2021","        422.55","        423.95","        427.40","        412.80","        414.20","        414.45","        418.70","     303620","           127126531.20","       6846","     110607","         36.43"
"GUJALKALI","EQ","30-Apr-2021","        414.45","        411.00","        421.75","        410.00","        412.00","        412.15","        415.64","     234372","            97415024.30","       5507","      68085","         29.05"
